titre,date_ou_categorie,lien_article
Titre introuvable,,https://www.gamekult.com/jeux/world-heroes-perfect-3010002604.html
Titre introuvable,,https://www.gamekult.com/jeux/amnesia-rebirth-3050881929.html
Titre introuvable,,https://www.gamekult.com/jeux/unrailed-2-back-on-track-3050887249.html
Titre introuvable,,https://www.gamekult.com/jeux/inkonbini-one-store-many-stories-3050887527.html
Titre introuvable,,https://www.gamekult.com/jeux/constance-3050888624.html
Titre introuvable,,https://www.gamekult.com/jeux/r-type-dx-music-encore-3050888819.html
Titre introuvable,,https://www.gamekult.com/jeux/rv-there-yet-3050888874.html
Titre introuvable,,https://www.gamekult.com/jeux/lunar-strike-3050888970.html
Titre introuvable,,https://www.gamekult.com/jeux/sledding-game-3050889273.html
